"","C1","C2","C3","C4","M2","M3","M4","M5"
"mt-Co1",17.9287216944286,17.8419195596162,17.9370892437705,18.2098507895729,20.9878724374675,21.7107578630603,19.926380404916,16.6852206395808
"mt-Cytb",16.3338416858207,16.1021208063326,16.2763660424268,16.5273302999593,19.3622892466208,20.0352336758565,18.3613346418914,15.0554525784514
"mt-Nd1",15.0800981610749,15.0117516249164,15.2734237304713,15.618619192198,18.612455082965,19.4397042752355,17.8682409939018,14.4796095789068
"mt-Nd5",15.1761416312577,15.1310439649233,15.3327844905721,15.5433057778091,18.3801617240571,19.3088188624162,17.102464446992,14.3275383934812
"mt-Nd4",15.1908552788293,14.939466114854,15.1998471427368,15.3410730263198,18.0635181432059,18.660650913521,16.7934785134025,13.8412189923769
"mt-Nd2",14.484714184682,14.3403721266089,14.6621735773574,14.8460620738969,17.5660537401456,18.4479020320286,16.6966784025645,13.5039963803948
"Lypd8",16.7424043783598,16.6248934832074,16.6450263513727,15.9263247480949,16.4336344345636,16.1906251620714,16.0556192469279,14.8949395888207
"Eef1a1",16.1601112801948,16.0979441973406,16.0399567233027,15.8134798419965,16.0254877678539,15.3245655217664,16.6672162612619,16.1695038112382
"Muc2",16.0280010565877,16.721019472751,15.4686846343185,17.9445529108165,14.0101440699754,14.6333780018909,12.4950976846118,14.0125804903577
"Dmbt1",15.3058469354546,15.2345165649712,14.677312811551,16.2687178487619,16.1290409845494,16.5713298944798,15.9632992248562,15.2784700921099
"Krt8",15.7182901713492,15.7933491354371,15.7801787132466,15.8888192682171,16.7017185339181,16.4350216617102,16.165321296122,14.5437471559644
"Fcgbp",16.5642853874804,17.5219620873793,15.6680861132637,16.3024929055604,13.0647657601997,13.2383610555551,12.0339332678474,13.3908840458655
"Pigr",16.1986024533299,16.328546172187,15.8785211360178,15.9973503946685,15.0723138832388,15.7756543051928,14.0105314972773,13.6038757689917
"mt-Rnr2",13.2839064111219,12.8984024546666,13.7585408613366,13.4991057837653,15.5715636599097,16.4083692343501,15.2801513419793,11.7997169945366
"Actb",14.4531309143335,14.7277928084811,14.620461018202,14.8556123564573,15.9409791720471,16.4005566945914,15.9017082515792,15.1960513533739
"Lgals4",15.1977883605296,15.174928389799,15.3826915992851,14.9884821306217,16.5072751499637,16.3746173643538,15.614513075587,14.0377977288596
"Eef2",15.5116389595126,15.4611093420325,15.363714029184,15.1403846780929,14.9522930787125,13.7402778182884,15.467269370563,15.2030600784689
"Aldoa",13.7210352812778,13.6131341077004,13.7179342777075,13.6282653110288,15.0517090633662,15.1442682738329,14.5025690073442,13.3015887401209
"mt-Nd6",12.4724191076165,12.3149407449805,12.778083028872,13.0703530202462,15.7827493622966,17.223130469276,14.6037821410933,12.043150736158
"Krt19",14.8655196577927,15.0758148376932,15.0343823731474,15.178668711538,16.3423168625539,16.0670921362086,15.572591587305,14.124382460423
"Neat1",13.9801444458689,13.9660630270017,14.028237569608,13.6391735915377,15.882865672771,16.8091531074661,13.0476213228503,13.829451782304
"Muc3",15.9650466227131,15.8265972319669,15.8875378469774,15.0531036589732,15.470010233176,14.9372885744276,14.298684682183,13.5593984501874
"Clca1",16.0230263651412,17.0915640128028,15.4013069961931,16.1433093789218,12.3957983930019,11.6372785374243,10.3628176777287,11.0885513259378
"Fth1",14.036524913295,13.8963129288604,14.1577258632558,13.8003355648352,14.7719637132862,14.4255238690241,14.5645185616122,14.9476996744033
"Muc13",15.0540381586262,15.0518989353669,14.8358903411174,14.4419486189742,15.607842146194,15.8369529463082,15.1956699082684,13.8494424612476
"Atp1a1",15.26696009251,15.5012294636757,15.0769363862225,15.0642129453093,14.3892827682837,13.3659260006611,14.353255966206,14.1123473977732
"Ceacam1",14.9348770045126,15.1701483641791,14.5010734871513,15.9226157977401,14.614638570318,14.277013814384,14.1496511889058,14.0545173915195
"Igha",14.6076055661139,15.3964467417314,14.7278601828188,16.3327031448065,12.9655912981053,14.8275415679524,12.8008262338444,14.8827609843243
"Col3a1",13.8501395879013,13.9650309786392,13.9955565895503,13.7960289075672,10.7104444469524,10.6723742109393,11.6514429589908,15.922955365976
"Hsp90ab1",14.6332410108106,14.1976867376357,14.392036284235,13.9613785479089,14.6634098189325,14.0511956590473,15.5243594323164,14.7370187785483
"Rplp0",14.1457497595227,14.0487979189927,14.2857292562286,13.9303560166195,15.0611607114456,14.4753332010087,15.4706571138586,14.2902512279267
"Hspa8",14.4543632648961,14.0427904781238,14.4719885841554,13.668588035651,15.0046792838938,14.8683372790381,15.250895954104,14.6475191890411
"Prdx6",15.1277608602929,15.1354259274443,15.3431882779996,13.633488408374,15.0314603814286,14.6602138404073,14.3618823559963,13.2373377661559
"Actg1",14.4689480045261,14.6749286183047,14.290550510825,14.2930026751377,14.4338489346832,13.4708964497697,15.0829927112573,14.6819536020967
"mt-Rnr1",11.7239849783998,11.4201733472454,12.3476043005831,12.2021620615685,14.8557888647727,15.6784459301967,14.4266697282931,10.9414593596573
"Tpt1",13.8950309959462,13.6860593145157,14.0688218237017,13.6430152491443,14.9316144942173,14.9187137000782,15.045513875015,13.6654767610701
"Tpm1",13.2970166750065,13.2450982108102,13.6817866644147,14.1508990559785,12.0310492959432,12.0521725260366,12.1447250544886,12.6087747344066
"Flna",14.3916759945757,14.3291243725429,14.7159936126443,15.2125740048504,10.6613061873328,10.4890263580259,11.738734420874,14.4355552859369
"Rpsa",13.6184588972037,13.4317117921966,13.5855135238325,13.2832264241037,15.0052433925013,14.5992236382445,15.4135272856103,13.9405058107133
"Ckmt1",14.9254436033519,14.8183603222004,14.7858160050482,13.2712379662001,14.834650097854,14.5909048545341,14.0221221274788,12.3750140432094
"Pkm",13.6091943385257,13.562175402685,13.5247406493321,13.3588717605712,14.5532606629999,14.043341792533,14.8683399161052,14.2018779796015
"mt-Atp6",10.8171493935507,10.9153995561875,10.158614139716,11.2048685699206,14.8654808327597,16.4124318160251,13.2654240555974,8.84913337432675
"Rps2",13.3014060749459,13.2035630927242,13.3566306048956,13.1924256130788,14.9641585676713,14.3840990930777,15.4301221919947,14.0122721068786
"Ldha",13.6525732022654,13.4673578140213,13.4932578035455,13.5434562525813,14.6204075478551,13.654067602228,15.0685730010806,13.721351138159
"Ahnak",14.3647304432868,14.4768503597415,14.3969801667669,13.9399906725989,13.8495619542486,13.9355073640974,13.6243521307869,13.8795949154376
"Spint2",14.2218210240326,14.1103385360389,14.2760381404891,13.9912206874358,15.2408637113938,14.9810487902912,14.4353647977921,12.4401982661842
"Zg16",14.6026679059173,15.0781664098204,14.5864956109059,13.225596719954,14.6246190678322,14.7841911178983,13.3934608287047,12.2953835597433
"Atp5b",14.2917391923136,14.2328734935279,14.1136759378401,14.2491272943189,13.5719174899199,12.8756911170086,14.1793107077128,13.8565031156939
"Myh11",14.4163579876654,14.2654178840116,14.8927098607534,15.6945284678996,8.34844827930185,8.15059147294183,9.50773858031212,12.7725008198997
"Epcam",14.1939098082028,14.2638047547706,14.242114450496,14.1124150933119,14.7354637209362,14.2550256600896,14.6001410624338,13.2523003933942
"Acta1",6.26164196792544,6.5993055485314,6.38123154329249,7.46235701141468,7.35397032632769,8.61844843763121,6.31079925637697,6.44364902611788
"Atp5a1",14.1649211063064,14.1062396895442,13.9640006229166,14.114353491218,13.7579575375219,13.0161508942899,14.3381007854065,13.6168139244653
"Cdh1",14.5057882866947,14.5902431891397,14.1386149594589,14.0338336887719,14.0935328895804,13.9264449641532,14.0603662262818,13.313026320963
"Des",13.6614574865131,13.6213205682371,13.8921632095862,14.6261021937659,8.65563858962615,8.95784612764457,11.012771358089,12.3883836971313
"Rpl4",13.7073522422698,13.6242402667551,13.7237792099845,13.4308586762408,14.0818140193932,13.576138501037,14.744417746121,13.7441861900209
"Dstn",13.8351752959369,13.8793892626693,13.7865574798496,13.8669742882608,14.5255017069748,13.7665222176237,14.7999627935093,13.1709205477973
"Tgm3",15.4179468300689,15.3251961295165,15.0853562656436,10.7708639926308,12.6764213832824,12.0915251937567,11.3367253265853,10.6342937819507
"Tnnt3",5.17985813254666,5.39784863412463,5.46178449352505,5.12573238593647,4.72388894496105,7.86641950590074,5.06604782297582,5.36147710741511
"Atp1b1",14.3489809243903,14.4970931065718,14.4530125856817,14.0109018160267,13.3084597677439,12.6162995537026,13.6032313900614,13.0538417373621
"Igfbp5",10.248667472772,10.4616376831078,10.4708328557224,9.96387258899792,9.60524975394496,9.82156865292443,12.2107523848384,14.4583166774313
"Plec",13.9924976747291,14.1711521179231,13.920230321914,13.9675191186986,13.8346350892995,13.2784115439752,12.5719124149585,13.5764992994595
"Rps3a1",13.1998504995657,13.062083823112,13.3037238659404,12.9349529338509,14.4453078429134,14.1248301285648,15.0100319682605,13.2825353877887
"Eif4g2",13.6417960658489,13.6822964202192,13.5466804751655,13.5179516098708,13.5483239469554,13.2051370660964,14.3857269449446,13.8430408517135
"Ddx5",13.6204364430233,13.5243030744964,13.7625123187773,13.5852864276976,13.4089291097242,13.7505840020611,13.336775206809,13.5340593098218
"Atp2a3",14.1331849894889,14.2764035887395,13.8410094941741,14.258736035646,13.67452650544,13.4778683356171,12.8357749748253,12.6747580476075
"Oit1",13.930088764759,13.8769432485859,13.9154551153694,13.5808872307835,14.7578517439067,14.9531955909552,13.6049941344946,12.2332322211815
"Lgals3",13.495870233717,13.5480365138249,13.6654899496299,13.9771378282201,14.7111519987744,14.8945553011774,13.9214728613822,12.1086603583635
"H2-D1",13.0796222690641,13.0556841315523,13.0075999665573,12.9942003143781,14.4962499250601,14.3907036789184,14.2274510325714,13.880102013997
"Myh9",13.9622371904704,14.0465480591271,13.6059522188396,13.5614306924465,12.9522489876724,12.6156162825002,12.7911811578252,14.207613274298
"Tpm2",12.1968540844302,12.1320907693332,12.7644652492884,13.2053441001476,9.91932149195381,10.0288090645192,10.7790091764016,10.9271341865773
"Scd2",14.0733249595002,13.6789110871841,13.7380595971642,13.4101558098534,14.1262442758451,13.2447824600875,13.8081160938359,13.4901114694867
"Gfpt1",14.3303082029236,14.3923821621747,13.8891941426586,13.9226333014585,12.6204835300167,12.6830425282727,13.1907998594292,13.0290581489895
"Psap",13.4871063608465,13.5623853848867,13.3373954928427,13.583288455536,12.5181271894181,11.7904363707564,13.1159725448967,14.0266190018318
"Myo15b",13.7258397740872,13.9160012411762,13.7560984068528,14.1972936318106,14.2552384076941,14.6626965430983,12.5003163166028,12.0243110198718
"Calm1",13.2922004276618,13.3779672033608,13.3454814291816,13.5943424264734,14.2561866282007,13.9612826928218,14.131497163108,13.3870834067506
"mt-Co2",10.5042559264725,10.7438090318156,10.3655591738444,10.8725418462158,15.4901536684023,15.0989725702365,13.0927617310397,9.16133578646845
"Pabpc1",13.4779254088739,13.4537257135334,13.3463236195916,13.3225632324342,13.4121811391504,13.5984416326419,14.1753120658517,13.8298018236886
"Rplp1",12.7703225919345,12.725606720852,12.9728073507855,12.6765348687337,14.4367412149022,13.8005878343668,14.6645787249391,12.9234666850879
"Rpl13",13.055463138312,12.920685609156,13.1046523848315,12.8293334701622,14.1653145014443,14.0696478217615,14.546859211585,13.1651065495654
"Tmbim6",13.8053524548625,13.9203492735334,13.7196995303092,13.8650020017822,13.6929789421955,13.1944240996821,13.5936085881253,13.0080233277527
"Slc25a3",13.5318044736391,13.5781514252387,13.4907571252946,13.3140344275068,14.0364736906017,13.9075894710637,13.9331846113649,12.9247780849624
"Myh14",14.0468552778231,14.1767862730961,13.9441900286104,14.252965905055,13.6900474698079,13.1559371513332,12.9142914432832,12.0685859130847
"Srrm2",13.7945919525035,13.7585022634162,13.9409280302385,13.7253143484003,13.3930284176899,13.1281804291452,11.8338785576244,13.5347036106817
"Tspan1",14.2558614026523,14.2265273585388,14.2146395883,14.0015811388053,12.2889952657811,12.1187845530695,12.1642847062525,12.3059900011895
"Pfn1",12.8962715556301,12.7444217507054,13.0231826398648,12.9261517282447,14.4346867701634,14.3264959987179,14.0910342705591,13.3243739376628
"Rack1",13.4165284512704,13.3017868695722,13.3728992855384,13.0248510054047,13.6826285023845,13.3892999911241,14.0710866801329,13.3960936298008
"Igkc",13.1942556088234,13.98959862672,13.7382429396167,14.8826716499508,11.814060470041,13.4731612956361,12.0627597644485,14.0837221382601
"Fn1",13.1911543614739,13.4299867145681,13.366864476019,13.334609532995,8.46311514479575,8.56836510811783,10.2725177741073,14.5004278796168
"Hnrnpa2b1",12.9026054054521,12.8323736437439,13.0877730049366,13.0896240646073,14.0886051316496,14.1398770545336,14.3653965206649,13.4751968603927
"H2-K1",13.5870057753627,13.5148945945233,13.5726164233211,13.2434196626688,13.5956763289975,13.3590026176079,13.6454893290235,13.6375565674412
"Tgoln1",13.9821109957621,14.2665137825268,13.8543496141009,13.7764882552944,13.0001674934026,12.4840430962409,12.9459309265659,12.7025478376446
"Mptx1",14.2036889810944,15.1926035283043,14.0849141773133,15.1854347905907,7.87256639485877,5.97421353113289,6.21598410980711,5.9209126692165
"Col1a1",13.1085588460719,13.1134312629691,13.2165295589043,12.97344951574,10.039589887857,9.8380710459586,11.0200570437935,14.7651102969666
"Slc25a5",13.7672846575114,13.7947002008787,13.7638637297545,13.5471511058042,13.2358556804575,12.5669647707595,13.1912399527084,13.1970687892472
"Acta2",13.5760652664947,13.5550177618818,14.0701333170149,14.3553869309572,9.09610101077348,9.36513262550094,10.8822022110134,12.8196130476764
"Ybx1",12.7841102161545,12.6186058677044,12.7846665014909,12.7732997539903,13.9332183942944,13.0387539685904,14.6363064395462,13.2567330531324
"Rpl8",13.0348520643066,12.954198322367,13.0664652282246,12.818843003151,13.7080517136251,13.4345543069606,14.4046999816529,13.2354895052945
"Anxa2",12.490071796914,12.4619742261473,12.4159020577278,12.5022346303456,14.3479126020476,14.2525006739864,14.8711808577828,13.4631757167018
"Car4",14.1110079792872,13.924275837809,13.9448256570293,12.9579580560467,14.207282196763,14.4215224687801,11.9171160058246,11.1637889257443
"Saa1",13.7846326589157,13.5959026645278,13.8604263626353,12.2340945506817,14.0444793796729,13.9819741178353,13.320372402303,11.8544184611871
"Slc26a2",14.6225372271593,14.7203314628427,14.3117718082499,13.192556682875,11.5987995074008,10.9370024633363,10.5737717826093,11.3747327159352
"Gpi1",12.6823975436592,12.6771759257474,12.6518004729103,12.9252055494732,13.9653051117524,13.7350969850475,13.3866878894566,12.4766444216837
"Rpl7",12.9729117244974,12.8893919213156,13.0896423072421,12.7217378635541,13.7265805985893,13.5815717651775,14.1915338831411,13.1280149247973
"Eno1",12.8426930088858,12.7788034365384,12.7931626979949,12.8705487648265,14.0121865735472,13.3167497374119,14.4383339413657,13.4838972418618
"Rps6",12.839112252136,12.7521741570305,13.0443932561929,12.5876367494095,13.7847290830728,13.7361975054216,14.2158901731347,13.0687473513618
"Sema4g",14.0479985433181,13.8478660362012,14.0761653825073,12.9731443630116,14.0500570461533,14.038761785237,11.0897002932914,11.2687304495172
"Rpl18a",13.0152789092844,12.7122318825637,13.0079041506592,12.5627049778132,13.9108400244299,13.8993322411178,13.9734854829736,12.7723187174476
"Actn4",13.4622069423632,13.5781514252387,13.18297911186,13.6196153916505,13.1488593223908,13.2390266657748,13.1516870251521,13.2780531628553
"Calr",13.0147778086892,12.8940710741532,12.8521223407308,12.9455684278419,13.8942131346278,13.8699823653982,13.9566718693881,13.6111232074148
"Rpl10",13.0430663369055,12.932105743608,13.058558163776,12.7639807189874,13.6479748224508,13.3551191477935,13.8579372126279,13.0118847461817
"Tnni2",4.54170366838132,5.03468138209761,4.90562660777374,4.82755445813143,7.91536041457573,9.04172941895579,6.84501123191768,5.602377755258
"Ctsb",12.8654758811789,12.8176719160957,12.7814674834871,12.6433572652509,12.9158360081678,12.5609437979038,13.1880094800431,13.5846113697967
"Col4a1",12.3516934874733,12.5176133467732,12.5225777516612,12.6289013477989,9.18868482361145,9.53385826477605,10.6737520970825,14.4277142232517
"St6galnac6",13.5740259108417,13.6289596793168,13.4539457703841,13.4996355595368,13.4243497224918,12.9225740937621,13.0542492389018,12.5434749623475
"S100a6",12.5822401873348,12.6037881653404,13.0357674044865,12.6031017149337,14.2308019315473,14.7406731064693,13.9824128141521,12.1804107754848
"Mt1",9.50901316191239,9.75965030732388,9.38149524399882,9.51639216745485,13.1627169186071,14.748329595606,12.9620101039781,12.1875299635777
"Myl6",12.8197358257665,12.6699833933532,13.1644066073174,13.1807124500802,13.4748397659733,13.7081090035794,13.1607039263206,12.1321245781623
"Rps9",12.8951829551796,12.7297259989527,13.0011972400393,12.5709963192284,13.2850000090409,12.9939769159518,14.2230817247982,13.159825999524
"Rpl3",13.1087153857211,13.1275494479968,13.034274962043,12.767328431213,13.1449552227348,12.7983212502812,13.8570129413736,13.4842308263514
"Rpl18",12.6697211807063,12.5560815079692,12.8798087269769,12.5764305628221,13.8591255121511,13.6838694561999,14.2440196027706,12.8621584408741
"P4hb",12.8004832932057,12.8727250105246,12.5668129426637,12.9746694816101,13.5124104772314,13.2209465138021,14.0014424456128,13.394319747898
"Rps4x",13.1255224690733,13.0522493515426,13.1406068904422,12.8723498716002,12.9900471865302,12.6889006550336,13.8736512972446,13.018041598443
"Cfl1",12.1431490627795,12.1656497703469,12.1822567597782,12.5764305628221,14.1536116086279,13.9001741213824,14.2410470175926,13.2022150063951
"B3galt5",13.1644457760683,13.5093506168694,12.6543287389889,13.4097048826372,13.2407416166882,13.4295091930478,12.9690422505535,12.6677261452874
"Clca4b",5.77616903871395,6.71642976602231,5.99686112785598,6.65684302714775,13.810895546574,14.6659176824686,14.1885979964302,13.3847029127782
"Rps5",12.7252952717896,12.5947828760576,12.8119239555089,12.4215568245789,13.7469610792542,13.6921566788651,14.1748670874119,12.780852781648
"Lrp1",12.7870476414415,13.0358593379764,12.5508269741218,12.9731443630116,11.4059654045755,10.9864681620353,10.5818512348268,14.1342647003613
"Dsp",13.7637103581941,13.7994289992,13.3784385132843,13.6504771855442,12.5420744443309,11.8960599348383,12.5759624473407,12.5312584979079
"Rpl6",12.829266594422,12.6668619685239,12.8014336872064,12.4566868868894,13.6416557043034,13.4328099172288,14.0769729642683,12.896651085465
"Cdhr5",13.6925986027876,13.696141670424,13.5502352777748,13.7316421263283,13.8386690776324,13.6430456142173,12.1809260250249,11.3313840611945
"mt-Co3",10.0838656170028,10.4306816872044,10.0469726692593,10.2413929090033,14.192858027912,14.6583075374126,12.3091897639324,8.64426813984335
"Rps8",12.5249767129056,12.3830965407553,12.6371271656881,12.3241843335153,13.7669366983409,13.7865420412885,14.1127246383108,12.7904161258279
"Itm2b",13.559554611899,13.5478244325809,13.6451989623108,13.3507904535644,12.5541810352553,12.2429935916327,12.2953369331074,12.5232727804987
"Sprr2a3",13.2313910944149,12.7994378849783,12.7388550942416,12.9958535641578,14.0699991776543,13.6310938485152,14.6683244080537,11.9798964207478
"Prss32",13.4486669767998,13.3001509616383,13.3957435417586,12.7703171820603,13.962561488719,13.8521104985214,13.2224354429874,11.6747324431186
"Rsrp1",12.6861788340382,12.5128405514352,12.7485350110976,12.6517711385801,13.4462697780757,14.0248052153192,11.99950194257,11.9999435027922
"Tmsb4x",11.6184376377503,11.8433063008919,11.8934733215094,12.4766297456011,13.0552882121631,13.2822915357408,13.8327716642077,13.1714730418751
"Txnip",13.3471041512209,13.4771917831611,13.5856154220136,13.1998776512877,12.7536552176083,13.0478995718377,12.2248643851602,12.0685859130847
"Flnb",13.2358411265443,13.5378212820666,12.8553376726448,13.3800881020208,12.763146370265,12.9510190978455,12.7305036725052,13.3761004639004
"Rpl12",12.2161621039511,12.0352606989618,12.3909301921521,11.9529388289261,14.0205307361645,14.1098672247073,14.1991393447601,12.540056209978
"Plac8",12.4150920091162,12.623041794953,12.6618870608801,12.4240149434821,14.0532346289558,14.1436736368793,13.7311121741332,12.6594787033754
"Car1",12.4881477607382,13.237622819306,13.0147313915767,13.8895447305432,14.4664672308937,12.5588127348451,13.2341577919689,11.8426718546746
"Rps3",12.9285533679274,12.8139729550469,12.91494343934,12.695711413096,12.9825663568196,12.5545411415971,13.9143821312389,13.1280149247973
"Ly6a",11.1690542658005,11.2067805193276,10.9367619915996,10.4005735506155,14.4371973611459,14.6161457206165,14.6650012602185,12.9775442137124
"Sptbn1",13.4460675658976,13.6003065555508,13.2182393523498,13.2625241933228,12.2933689558068,12.3948688589865,12.3523307634551,13.0733369948989
"Tmprss2",13.2945417560375,13.4660116095372,13.255991465476,12.8497558984417,13.6688408603447,13.7953178182288,12.7493549822582,12.6817558410626
"B3gnt7",13.4875879541946,13.6853846455322,13.6726064503461,10.6034974735313,13.6687113803663,13.7939595539019,12.9729721570578,12.407036230441
"Ptma",12.285380301337,12.1399913165066,12.4275457397036,12.3910428459737,13.6771035007798,13.5668017104435,14.3582942932717,13.2896781076969
"Ctnnb1",13.491554977086,13.5520601451578,13.1764991319958,13.5692246342252,12.2403371964416,11.2937825034602,12.9272067667981,12.9918479691844
"Pdia3",12.8889986551973,12.8183754060913,12.7047360566871,12.7563755096981,13.544095118182,13.5671551414423,13.7890531779465,13.0740758944665
"Hnf4a",13.7522327666075,13.7346633492539,13.5621943694506,13.3962249208707,12.9206285170882,12.9247821937356,12.3100005086439,12.3152695985823
"Aldh2",13.8746481831642,13.8740702166648,13.9296533045524,12.734216998116,12.7195607033727,12.3313699534627,11.8115333499796,11.8357171410523
"Ivns1abp",13.5225520305549,13.3754597478359,13.4592941691268,12.9114157622195,13.1837100256962,13.4980280997456,12.2807985040414,12.4065669776864
"Gpx2",11.900365328271,11.7345809438865,11.4107461413568,11.9348755352184,13.609368326975,12.0277269911384,15.3190300563737,13.7607112504862
"Col1a2",12.6198499980256,12.7010224656755,12.7062363933286,12.5486427697628,9.7572418551171,10.4373685898091,11.2196451562977,14.1582252607375
"Hspa5",12.773090678382,12.8069009697453,12.4133783071721,12.6635443753864,12.9530997969229,12.9078594439152,13.938611902109,13.644935594583
"Car3",9.41079574148628,7.30556665682926,10.1932730590618,8.46509654106127,6.82751363974147,7.63601225852108,5.06604782297582,8.53145277804496
"Cs",13.1930749672069,13.2962424481515,13.2090087589291,13.0171751646759,13.4980533364252,13.0861342808233,13.1521392111891,12.3762128125572
"Ubb",12.908731774927,12.659813971255,12.8885903571238,12.6548186032422,13.0690889153697,12.5998110607137,13.0994985743588,12.3102610133597
"Rpl5",12.8968155479761,12.8915662726333,12.8971546556125,12.5340284376793,13.1150477112426,12.7079372091321,13.7847825486084,12.8813664564651
"Gpa33",13.5051759107185,13.5512139969378,13.4393601577196,13.1510740476061,13.4412757679163,12.9923987404815,12.8784851613358,12.250853909072
"Ezr",13.1565932593159,13.4428177698354,13.320596692567,13.5005886659571,13.1707851848527,13.175772559032,13.2505796192985,12.4997070582177
"Rrbp1",12.983023126023,13.0616382530492,12.8432856634252,13.1861202179316,13.3491030779392,13.5659177539565,12.961494208352,12.7869950421593
"Slc6a8",13.2331153161823,13.443615934331,13.168766160678,12.6914513226995,13.5398538573527,13.8442578497344,12.5365584630574,11.5460021652011
"Tfcp2l1",13.7142614223269,13.8576522197543,13.4917361678436,13.3946307304624,12.8724213769934,12.5066994173379,12.0339332678474,11.5612609021841
"Ddx17",12.9760040780326,12.9124726656536,13.0817171137568,13.0642060157378,12.8896332658834,13.1137363332837,12.4154693344176,12.8540933434192
"Sprr2a1",13.3016799695251,13.4341234407077,13.3212087722937,13.2513687091766,13.667027082307,13.2489741427714,13.7085394120308,11.6762905096063
"Ywhaz",12.3049132759536,12.5941668272374,12.5125369368157,12.7051130660222,13.6099079183436,13.5302891634263,13.852939098453,12.7895166268953
"Cox4i1",12.7291695733113,12.5828257263726,12.8362799186157,12.7492647209045,13.7914045254232,13.4199528686496,13.428226297749,11.8557941476917
"Slc26a3",13.7348940395943,13.9841229426753,13.7987391136203,13.2858087968573,13.1108603030333,12.963155299423,11.186474844058,10.1997417127566
"Vil1",13.1918933586034,13.3163026569504,13.0930869764158,13.3992944650909,13.4364165257633,13.5326437148078,12.9073437957741,12.0976559213571
"Plekha6",13.7005136784906,13.6597068724376,13.5031095075602,13.0103507867058,13.0457479903837,13.0826774959557,11.6342822340297,11.9719892363591
"Malat1",13.0858379324428,12.8173200424154,13.2472577068003,12.784473279783,12.5871651801062,13.222742325989,11.3023708323046,13.0246310401615
"Krt20",12.6945463860302,12.8708611896418,12.7579695804894,13.8663993165081,13.6437651538868,13.3495824879654,13.2522678088536,11.9611654374729
"Eef1g",12.677340356659,12.58323969589,12.5950272689696,12.5484379586164,13.2145490982358,12.6869505879818,13.9761269232554,13.0019788012833
"Cldn7",12.9615160453434,12.9647219091019,12.9520909456752,13.0238200948585,13.8496761798021,13.3892999911241,13.4689651303177,12.2474515639356
"Plxnb2",13.0603274383757,13.2845802520442,12.8162724873537,12.9859055271988,13.1974179470495,13.1303346244813,12.6456996755802,12.8247149934645
"Elf3",12.8487037401689,12.8460648844165,12.8915606789406,12.5600660346658,14.1394790374448,13.9930647665786,13.4158522119227,11.8619685541646
"Rps18",11.901450045914,12.0675746050101,12.4565846448947,11.8416710097366,13.5602387487693,14.0379970350976,13.7799141657708,12.4911017165593
"Sprr2a2",13.4957505396039,12.2145684512833,13.3396931269551,13.0295543806937,13.5152936425338,13.2603842268632,14.1165141831267,11.5115046837769
"Txn1",12.7726955624866,12.9882011631653,12.8035378520555,12.915074174345,13.5710864221659,13.1575809997505,13.5660467310555,12.2994333089944
"Mgat4a",13.7594294180035,13.6913493352723,13.4882521049729,12.3719568951595,12.3797513622644,12.0328540830544,12.4114457210433,12.1568882547275
"Rps14",12.4209031071459,12.3061903357573,12.5707304344314,12.287103122539,13.0467447121849,12.9545356106205,13.9252697772935,12.5517743868072
"Eif4g1",12.8423165053753,12.9546783362406,12.6547173100385,13.0412461679277,12.5178396951424,12.047620429585,13.2143748479452,13.3294575783868
"Thbs1",10.417937245575,10.731161715112,10.3143276930291,10.8751575224936,10.039589887857,10.3480322816394,11.2242401944915,15.0452772501862
"Dync1h1",13.2883358196554,13.3972830436572,12.9337968538331,12.9638060626367,12.2448606839518,11.8892916263071,11.982651268905,12.9932549501744
"Rpl41",12.018051045346,11.7067342726615,12.3243447333026,12.0813691886898,13.4723197010665,13.3964776558141,14.1819703250592,12.5100098535617
"Tpi1",12.4155982522331,12.3591231274416,12.407626037834,12.4006054293076,13.3729823664486,12.7222896108991,13.8348386974869,12.4282273566239
"H3f3b",12.3461274326966,12.6479902490697,12.3526427255389,12.5955882077948,13.2226862391383,12.9966033780173,13.9133155094502,12.8565004312564
"Bsg",12.9813143093213,12.9013935030095,12.9558797588965,13.0684973841769,13.3208723133673,13.0151150193751,13.0718824661923,12.1129812125807
"Myo1a",13.1134036943278,13.123712715526,13.0249871985267,12.877250582821,13.4583051974373,13.6251654970911,12.4648399330386,11.7290385717437
"Hsp90b1",12.5997204734348,12.5137095076867,12.178208106308,12.3284848245301,13.3672489823294,13.391297371569,13.9319562632798,13.138932174663
"Mxd1",13.3603124991926,13.1569083754909,13.2080824429959,13.4612031852672,13.1795357715523,13.1062165026886,12.1732235645749,12.1691124911093
"Ucp2",12.8528216388034,12.9751692873807,12.8575335148964,13.0272046097699,13.4807520235993,12.9458641113768,13.0878853475337,12.6651784002849
"Rps11",12.2574126297182,12.1252842633817,12.3357790901118,11.9646519382906,13.611121261536,13.9622235706173,13.629881992768,12.3886213185277
"Sparc",12.3474546329838,12.1408352431756,12.4674635340622,12.2246400734597,10.0539418083919,10.0930692415347,11.3908631657934,13.8587346636424
"Hnrnpu",12.607274298698,12.5805467682632,12.6848981243107,12.5975692434781,12.8080425344571,12.9153743386521,13.2694587997161,13.1562018229561
"Ftl1",12.1950859281935,12.1343524869549,11.9423548085535,12.0768319390073,14.1037213635129,13.5235666381768,13.6256551829875,12.3500951551071
"Ttn",5.83180641948289,5.9639587906763,6.5019999092939,5.95904674424134,5.85997150365419,8.11994852777169,6.04777850789012,6.07335600145733
"Rpl28",12.2213833860975,12.074952625557,12.4987509881598,12.0850452254181,13.618514045558,13.9420626278105,13.3811694033297,12.2353476545123
