{
  "job_id": "c1d885974e5a4449b12007703afa1a9d",
  "created_at": "2026-01-01T07:27:29.222234Z",
  "input": {
    "counts_path": "/home/zhs/RNA_seq_web/var/jobs/c1d885974e5a4449b12007703afa1a9d/input/counts.csv",
    "metadata_path": "/home/zhs/RNA_seq_web/var/jobs/c1d885974e5a4449b12007703afa1a9d/input/metadata.csv"
  },
  "min_count_filter": 10,
  "design_var": "condition",
  "contrast_num": "treat",
  "contrast_denom": "control",
  "padj_threshold": 0.05,
  "lfc_threshold": 1.0,
  "modules": {
    "pca": true,
    "deseq2": true,
    "gsea": true,
    "gsva": true,
    "tf": true,
    "heatmap": true
  },
  "species": "mouse",
  "gmt_file": "mh.all.v2025.1.Mm.symbols.gmt",
  "heatmap_genes": "",
  "msigdb_dir": "/home/zhs/RNA_seq_web/msigdb",
  "cache_dir": "/home/zhs/RNA_seq_web/cache",
  "project_root": "/home/zhs/RNA_seq_web"
}